{
  "nearest_neighbor": {
    "min": 1.438476268318134,
    "25%": 3.525200963392319,
    "median": 4.377034421990235,
    "mean": 6.1002115722985035,
    "75%": 7.485684022749841,
    "max": 26.029570044612147
  },
  "n_synthetic": 227845,
  "n_real": 227845
}